名前,年齢,メールアドレス,職業,所在地,最終ログイン日時
John Doe,28,johndoe@example.com,Engineer,New York,2023-06-10 09:15:23
Jane Smith,35,janesmith@example.com,Teacher,Los Angeles,2023-06-11 18:30:45
Michael Johnson,42,michaeljohnson@example.com,Doctor,Chicago,2023-06-10 14:20:10
Emily Davis,31,emilydavis@example.com,Designer,San Francisco,2023-06-09 12:45:30
David Wilson,26,davidwilson@example.com,Programmer,Boston,2023-06-10 16:55:17
Sarah Anderson,39,sarahanderson@example.com,Writer,Seattle,2023-06-11 10:05:52
Robert Brown,47,robertbrown@example.com,Engineer,Miami,2023-06-11 08:40:19
Michelle Taylor,33,michelletaylor@example.com,Accountant,Dallas,2023-06-09 19:55:03
William Martinez,29,williammartinez@example.com,Manager,Atlanta,2023-06-10 22:16:07
Amy Thompson,37,amythompson@example.com,Teacher,Denver,2023-06-11 13:22:55
Christopher Garcia,41,christophergarcia@example.com,Doctor,San Diego,2023-06-10 11:35:40
Samantha Thomas,24,samthomas@example.com,Designer,Houston,2023-06-11 07:10:26
Matthew Clark,32,matthewclark@example.com,Engineer,New York,2023-06-10 17:45:12
Amanda Rodriguez,30,amandarodriguez@example.com,Writer,Los Angeles,2023-06-11 16:28:36
Andrew Lee,36,andrewlee@example.com,Programmer,Chicago,2023-06-09 13:50:04
Jessica Hall,27,jessicahall@example.com,Manager,San Francisco,2023-06-10 11:05:21
Daniel Lewis,44,daniellewis@example.com,Accountant,Boston,2023-06-11 09:15:47
Ashley Young,25,ashleyyoung@example.com,Doctor,Seattle,2023-06-10 20:35:33
Christopher Walker,38,christopherwalker@example.com,Engineer,Miami,2023-06-10 18:02:14
Laura Hill,34,laurahill@example.com,Teacher,Dallas,2023-06-09 14:40:59
Brian Green,43,briangreen@example.com,Writer,Atlanta,2023-06-10 08:30:17
Stephanie Adams,23,stephanieadams@example.com,Designer,Denver,2023-06-11 12:48:59
James Baker,31,jamesbaker@example.com,Programmer,San Diego,2023-06-09 16:55:42
Lauren Turner,29,laurenturner@example.com,Manager,Houston,2023-06-10 21:25:38
Ryan Mitchell,35,ryanmitchell@example.com,Accountant,New York,2023-06-11 10:58:07
Natalie Campbell,26,nataliecampbell@example.com,Engineer,Los Angeles,2023-06-10 13:45:22
Justin Nelson,42,justinnelson@example.com,Writer,Chicago,2023-06-11 07:32:15
Kimberly Coleman,34,kimberlycoleman@example.com,Doctor,San Francisco,2023-06-09 18:50:59
Brandon Wright,40,brandonwright@example.com,Programmer,Seattle,2023-06-10 19:15:41
Megan Cooper,27,megancooper@example.com,Manager,Miami,2023-06-11 09:05:12
Anthony Perez,33,anthonyperez@example.com,Accountant,Dallas,2023-06-10 16:40:27
Rachel Morris,45,rachelmorris@example.com,Teacher,Denver,2023-06-09 15:20:51
Joseph Reed,22,josephreed@example.com,Designer,Houston,2023-06-11 11:36:20
Melissa Cook,31,melissacook@example.com,Engineer,New York,2023-06-10 13:10:48
Joshua Bailey,28,joshuabailey@example.com,Writer,Los Angeles,2023-06-11 14:52:19
Heather Gray,37,heathergray@example.com,Programmer,Chicago,2023-06-09 17:45:02
Timothy Rogers,39,timothyrogers@example.com,Manager,San Francisco,2023-06-10 15:20:36
Kelly Morgan,24,kellymorgan@example.com,Accountant,Boston,2023-06-11 10:08:59
Scott Murphy,36,scottmurphy@example.com,Doctor,Seattle,2023-06-09 19:30:45
Rebecca Richardson,29,rebeccarichardson@example.com,Designer,Miami,2023-06-10 21:55:14
Daniel Cooper,35,danielcooper@example.com,Engineer,Dallas,2023-06-11 11:18:30
Linda Powell,46,lindapowell@example.com,Writer,Atlanta,2023-06-09 14:25:07
Jason Price,26,jasonprice@example.com,Programmer,Denver,2023-06-10 16:35:52
Mary Flores,32,maryflores@example.com,Manager,San Diego,2023-06-11 08:40:19
Joshua Turner,30,joshuaturner@example.com,Accountant,Houston,2023-06-09 12:55:33
Cynthia Baker,38,cynthiabaker@example.com,Doctor,New York,2023-06-10 19:22:48
Kevin Gonzalez,41,kevingonzalez@example.com,Designer,Los Angeles,2023-06-11 17:10:27
Amanda Bell,23,amandabell@example.com,Writer,Chicago,2023-06-10 11:48:56
Tyler Nelson,31,tylernelson@example.com,Programmer,San Francisco,2023-06-09 15:30:10
Sarah Collins,27,sarahcollins@example.com,Manager,Seattle,2023-06-10 14:05:42
Mark Adams,44,markadams@example.com,Accountant,Miami,2023-06-11 12:30:19
Emily Martin,25,emilymartin@example.com,Doctor,Dallas,2023-06-09 18:55:03
Alexander Lewis,33,alexanderlewis@example.com,Designer,Denver,2023-06-10 16:12:39
Jennifer Ward,39,jenniferward@example.com,Engineer,Houston,2023-06-11 09:48:22
Matthew Foster,34,matthewfoster@example.com,Writer,New York,2023-06-09 13:10:57
Elizabeth Bennett,42,elizabethbennett@example.com,Programmer,Los Angeles,2023-06-10 15:55:30
David Moore,29,davidmoore@example.com,Manager,Chicago,2023-06-11 10:22:16
Anna Mitchell,36,annamitchell@example.com,Accountant,San Francisco,2023-06-09 17:40:49
James Simmons,40,jamessimmons@example.com,Doctor,Seattle,2023-06-10 19:58:33
Amanda Young,26,amandayoung@example.com,Designer,Miami,2023-06-11 13:15:10
Jason Davis,32,jasondavis@example.com,Writer,Dallas,2023-06-09 14:28:57
Ashley Turner,30,ashleyturner@example.com,Engineer,Atlanta,2023-06-10 16:44:20
Joshua Hill,38,joshuahill@example.com,Programmer,Denver,2023-06-11 08:50:47
Brittany Nelson,45,brittanynelson@example.com,Manager,San Diego,2023-06-09 13:55:22
Ryan Wright,23,ryanwright@example.com,Accountant,Houston,2023-06-10 21:18:59
Megan Adams,31,meganadams@example.com,Doctor,New York,2023-06-11 11:35:30
Robert Rivera,27,robertrivera@example.com,Designer,Los Angeles,2023-06-09 16:22:57
Jessica Cook,44,jessicacook@example.com,Writer,Chicago,2023-06-10 14:48:42
Michael Evans,25,michaelevans@example.com,Engineer,San Francisco,2023-06-11 09:02:15
Sarah Thompson,33,sarahthompson@example.com,Programmer,Seattle,2023-06-09 18:30:39
Matthew Martinez,39,matthewmartinez@example.com,Manager,Miami,2023-06-10 17:10:17
Stephanie Robinson,35,stephanierobinson@example.com,Accountant,Dallas,2023-06-11 11:48:52
David Walker,41,davidwalker@example.com,Doctor,Denver,2023-06-09 14:05:27
Amy Simmons,24,amysimmons@example.com,Designer,San Diego,2023-06-10 13:22:10
William Foster,29,williamfoster@example.com,Writer,Houston,2023-06-11 08:40:47
Laura Wood,37,laurawood@example.com,Engineer,New York,2023-06-09 12:58:22
Christopher Green,42,christophergreen@example.com,Programmer,Los Angeles,2023-06-10 17:35:59
Jennifer Turner,28,jenniferturner@example.com,Manager,Chicago,2023-06-11 10:50:33
John Scott,36,johnscott@example.com,Accountant,San Francisco,2023-06-09 15:40:19
Amanda Harris,40,amandaharris@example.com,Doctor,Seattle,2023-06-10 19:18:56
Joshua Reed,26,joshuareed@example.com,Designer,Miami,2023-06-11 14:12:30
Melissa Martinez,32,melissamartinez@example.com,Writer,Dallas,2023-06-09 16:32:07
Brian Thompson,30,brianthompson@example.com,Engineer,Atlanta,2023-06-10 14:58:42
Nicole Murphy,38,nicolemurphy@example.com,Programmer,Denver,2023-06-11 09:15:19
Andrew White,45,andrewwhite@example.com,Manager,San Diego,2023-06-09 13:28:52
Ashley Adams,23,ashleyadams@example.com,Accountant,Houston,2023-06-10 20:42:17
William Turner,31,williamturner@example.com,Doctor,New York,2023-06-11 10:05:59
Emily Green,27,emilygreen@example.com,Designer,Los Angeles,2023-06-09 17:22:36
Christopher Clark,44,christopherclark@example.com,Writer,Chicago,2023-06-10 15:48:19
Sarah Wright,25,sarahwright@example.com,Engineer,San Francisco,2023-06-11 08:55:42
David Garcia,33,davidgarcia@example.com,Programmer,Seattle,2023-06-09 12:40:10
Amanda Hall,39,amandahall@example.com,Manager,Miami,2023-06-10 18:32:47
Michael Scott,34,michaelscott@example.com,Accountant,Dallas,2023-06-11 11:10:22
Jennifer Davis,42,jenniferdavis@example.com,Doctor,Denver,2023-06-09 14:48:59
Matthew Turner,29,matthewturner@example.com,Designer,San Diego,2023-06-10 13:12:30
Emily Evans,37,emilyevans@example.com,Writer,Houston,2023-06-11 09:40:17
Robert Wilson,35,robertwilson@example.com,Engineer,New York,2023-06-09 16:28:52
Jessica Mitchell,41,jessicamitchell@example.com,Programmer,Los Angeles,2023-06-10 15:05:39
Michael Young,28,michaelyoung@example.com,Manager,Chicago,2023-06-11 08:22:10
Ashley Turner,36,ashleyturner@example.com,Accountant,San Francisco,2023-06-09 12:55:37
